Date,Holiday,id,element,value
1997-09-01,Labor Day,USW00094846,TMAX,294.0
1997-12-25,Christmas Day,USW00094846,TMAX,17.0
1997-07-04,Independence Day,USW00094846,TMAX,189.0
1997-10-13,Columbus Day,USW00094846,TMAX,233.0
1997-11-11,Veterans Day,USW00094846,TMAX,6.0
1997-01-01,New Year’s Day,USW00094846,TMAX,39.0
1997-01-20,"Birthday of Martin Luther King, Jr.",USW00094846,TMAX,33.0
1997-05-26,Memorial Day,USW00094846,TMAX,128.0
1997-11-27,Thanksgiving Day,USW00094846,TMAX,89.0
1997-02-17,Washington’s Birthday,USW00094846,TMAX,61.0
2017-09-04,Labor Day,USW00094846,TMAX,278.0
2017-01-02,New Year’s Day,USW00094846,TMAX,44.0
2017-01-16,"Birthday of Martin Luther King, Jr.",USW00094846,TMAX,28.0
2017-01-20,Washington’s Birthday,USW00094846,TMAX,61.0
2017-01-20,Inauguration Day,USW00094846,TMAX,61.0
2017-10-09,Columbus Day,USW00094846,TMAX,272.0
2017-11-10,Veterans Day,USW00094846,TMAX,-10.0
2017-12-23,Thanksgiving Day,USW00094846,TMAX,6.0
2017-12-25,Christmas Day,USW00094846,TMAX,-60.0
2017-05-29,Memorial Day,USW00094846,TMAX,250.0
2017-07-04,Independence Day,USW00094846,TMAX,283.0
2001-01-15,"Birthday of Martin Luther King, Jr.",USW00094846,TMAX,17.0
2001-01-01,New Year’s Day,USW00094846,TMAX,-44.0
2001-01-20,Inauguration Day,USW00094846,TMAX,-44.0
2001-02-19,Washington’s Birthday,USW00094846,TMAX,56.0
2001-12-25,Christmas Day,USW00094846,TMAX,-56.0
2001-05-28,Memorial Day,USW00094846,TMAX,194.0
2001-11-22,Thanksgiving Day,USW00094846,TMAX,139.0
2001-09-03,Labor Day,USW00094846,TMAX,294.0
2001-07-04,Independence Day,USW00094846,TMAX,311.0
2001-11-12,Veterans Day,USW00094846,TMAX,133.0
2001-10-08,Columbus Day,USW00094846,TMAX,183.0
2019-09-02,Labor Day,USW00094846,TMAX,278.0
2019-02-18,Washington’s Birthday,USW00094846,TMAX,-5.0
2019-01-21,"Birthday of Martin Luther King, Jr.",USW00094846,TMAX,-82.0
2019-01-01,New Year’s Day,USW00094846,TMAX,11.0
2019-11-11,Veterans Day,USW00094846,TMAX,6.0
2019-10-14,Columbus Day,USW00094846,TMAX,122.0
2019-11-28,Thanksgiving Day,USW00094846,TMAX,28.0
2019-12-25,Christmas Day,USW00094846,TMAX,139.0
2019-07-04,Independence Day,USW00094846,TMAX,328.0
2019-05-27,Memorial Day,USW00094846,TMAX,228.0
2006-10-09,Columbus Day,USW00094846,TMAX,189.0
2006-07-04,Independence Day,USW00094846,TMAX,256.0
2006-12-25,Christmas Day,USW00094846,TMAX,28.0
2006-09-04,Labor Day,USW00094846,TMAX,217.0
2006-01-02,New Year’s Day,USW00094846,TMAX,56.0
2006-11-23,Thanksgiving Day,USW00094846,TMAX,144.0
2006-02-20,Washington’s Birthday,USW00094846,TMAX,6.0
2006-01-16,"Birthday of Martin Luther King, Jr.",USW00094846,TMAX,83.0
2006-05-29,Memorial Day,USW00094846,TMAX,328.0
2006-11-10,Veterans Day,USW00094846,TMAX,89.0
1999-12-31,New Year’s Day,USW00094846,TMAX,50.0
1999-01-08,"Birthday of Martin Luther King, Jr.",USW00094846,TMAX,-56.0
1999-01-01,New Year’s Day,USW00094846,TMAX,-56.0
1999-02-15,Washington’s Birthday,USW00094846,TMAX,128.0
1999-11-25,Thanksgiving Day,USW00094846,TMAX,89.0
1999-11-11,Veterans Day,USW00094846,TMAX,89.0
1999-10-11,Columbus Day,USW00094846,TMAX,194.0
1999-05-31,Memorial Day,USW00094846,TMAX,278.0
1999-09-06,Labor Day,USW00094846,TMAX,244.0
1999-07-05,Independence Day,USW00094846,TMAX,344.0
1999-12-24,Christmas Day,USW00094846,TMAX,-67.0
2013-11-28,Thanksgiving Day,USW00094846,TMAX,11.0
2013-01-20,Inauguration Day,USW00094846,TMAX,-22.0
2013-12-25,Christmas Day,USW00094846,TMAX,-27.0
2013-09-02,Labor Day,USW00094846,TMAX,261.0
2013-01-01,New Year’s Day,USW00094846,TMAX,-39.0
2013-01-21,"Birthday of Martin Luther King, Jr.",USW00094846,TMAX,-94.0
2013-07-04,Independence Day,USW00094846,TMAX,283.0
2013-11-11,Veterans Day,USW00094846,TMAX,83.0
2013-02-18,Washington’s Birthday,USW00094846,TMAX,111.0
2013-05-27,Memorial Day,USW00094846,TMAX,167.0
2013-10-14,Columbus Day,USW00094846,TMAX,167.0
2000-05-29,Memorial Day,USW00094846,TMAX,194.0
2000-01-17,"Birthday of Martin Luther King, Jr.",USW00094846,TMAX,-39.0
2000-02-21,Washington’s Birthday,USW00094846,TMAX,83.0
2000-11-23,Thanksgiving Day,USW00094846,TMAX,22.0
2000-09-04,Labor Day,USW00094846,TMAX,211.0
2000-07-04,Independence Day,USW00094846,TMAX,261.0
2000-12-25,Christmas Day,USW00094846,TMAX,-83.0
2000-11-10,Veterans Day,USW00094846,TMAX,61.0
2000-10-09,Columbus Day,USW00094846,TMAX,139.0
2019-09-02,Labor Day,USW00094846,TMAX,278.0
2019-05-27,Memorial Day,USW00094846,TMAX,228.0
2019-12-25,Christmas Day,USW00094846,TMAX,139.0
2019-11-28,Thanksgiving Day,USW00094846,TMAX,28.0
2019-01-01,New Year’s Day,USW00094846,TMAX,11.0
2019-07-04,Independence Day,USW00094846,TMAX,328.0
2019-01-21,"Birthday of Martin Luther King, Jr.",USW00094846,TMAX,-82.0
2019-02-18,Washington’s Birthday,USW00094846,TMAX,-5.0
2019-11-11,Veterans Day,USW00094846,TMAX,6.0
2019-10-14,Columbus Day,USW00094846,TMAX,122.0
2011-01-17,"Birthday of Martin Luther King, Jr.",USW00094846,TMAX,0.0
2011-02-21,Washington’s Birthday,USW00094846,TMAX,6.0
2011-12-26,Christmas Day,USW00094846,TMAX,72.0
2011-11-11,Veterans Day,USW00094846,TMAX,72.0
2011-11-14,Thanksgiving Day,USW00094846,TMAX,117.0
2011-05-30,Memorial Day,USW00094846,TMAX,311.0
2011-10-10,Columbus Day,USW00094846,TMAX,244.0
2011-07-04,Independence Day,USW00094846,TMAX,317.0
2011-09-05,Labor Day,USW00094846,TMAX,183.0
2020-01-20,"Birthday of Martin Luther King, Jr.",USW00094846,TMAX,-5.0
2020-11-11,Veterans Day,USW00094846,TMAX,72.0
2020-02-17,Washington’s Birthday,USW00094846,TMAX,50.0
2020-01-01,New Year’s Day,USW00094846,TMAX,56.0
2020-05-25,Memorial Day,USW00094846,TMAX,311.0
2020-07-03,Independence Day,USW00094846,TMAX,328.0
2020-09-07,Labor Day,USW00094846,TMAX,267.0
2020-12-25,Christmas Day,USW00094846,TMAX,-55.0
2020-11-26,Thanksgiving Day,USW00094846,TMAX,78.0
2020-10-12,Columbus Day,USW00094846,TMAX,194.0
2003-11-27,Thanksgiving Day,USW00094846,TMAX,72.0
2003-11-11,Veterans Day,USW00094846,TMAX,133.0
2003-01-20,"Birthday of Martin Luther King, Jr.",USW00094846,TMAX,-61.0
2003-05-26,Memorial Day,USW00094846,TMAX,217.0
2003-01-01,New Year’s Day,USW00094846,TMAX,6.0
2003-12-25,Christmas Day,USW00094846,TMAX,22.0
2003-02-17,Washington’s Birthday,USW00094846,TMAX,0.0
2003-07-04,Independence Day,USW00094846,TMAX,344.0
2003-10-13,Columbus Day,USW00094846,TMAX,228.0
2003-09-01,Labor Day,USW00094846,TMAX,183.0
2006-02-20,Washington’s Birthday,USW00094846,TMAX,6.0
2006-10-09,Columbus Day,USW00094846,TMAX,189.0
2006-01-16,"Birthday of Martin Luther King, Jr.",USW00094846,TMAX,83.0
2006-09-04,Labor Day,USW00094846,TMAX,217.0
2006-07-04,Independence Day,USW00094846,TMAX,256.0
2006-05-29,Memorial Day,USW00094846,TMAX,328.0
2006-01-02,New Year’s Day,USW00094846,TMAX,56.0
2006-11-23,Thanksgiving Day,USW00094846,TMAX,144.0
2006-11-10,Veterans Day,USW00094846,TMAX,89.0
2006-12-25,Christmas Day,USW00094846,TMAX,28.0
2016-01-01,New Year’s Day,USW00094846,TMAX,-5.0
2016-02-15,Washington’s Birthday,USW00094846,TMAX,-27.0
2016-10-10,Columbus Day,USW00094846,TMAX,217.0
2016-05-30,Memorial Day,USW00094846,TMAX,306.0
2016-09-05,Labor Day,USW00094846,TMAX,306.0
2016-01-18,"Birthday of Martin Luther King, Jr.",USW00094846,TMAX,-138.0
2016-07-04,Independence Day,USW00094846,TMAX,261.0
2016-11-24,Thanksgiving Day,USW00094846,TMAX,61.0
2016-12-26,Christmas Day,USW00094846,TMAX,122.0
2016-11-11,Veterans Day,USW00094846,TMAX,111.0
2008-02-18,Washington’s Birthday,USW00094846,TMAX,0.0
2008-01-21,"Birthday of Martin Luther King, Jr.",USW00094846,TMAX,-28.0
2008-01-01,New Year’s Day,USW00094846,TMAX,-28.0
2008-12-25,Christmas Day,USW00094846,TMAX,-44.0
2008-11-27,Thanksgiving Day,USW00094846,TMAX,72.0
2008-05-26,Memorial Day,USW00094846,TMAX,272.0
2008-09-01,Labor Day,USW00094846,TMAX,322.0
2008-10-13,Columbus Day,USW00094846,TMAX,250.0
2008-11-11,Veterans Day,USW00094846,TMAX,33.0
2008-07-04,Independence Day,USW00094846,TMAX,244.0
1997-09-01,Labor Day,USW00094846,TMAX,294.0
2004-09-06,Labor Day,USW00094846,TMAX,267.0
2011-09-05,Labor Day,USW00094846,TMAX,183.0
2001-09-03,Labor Day,USW00094846,TMAX,294.0
2008-09-01,Labor Day,USW00094846,TMAX,322.0
1997-10-13,Columbus Day,USW00094846,TMAX,233.0
2004-10-11,Columbus Day,USW00094846,TMAX,172.0
2011-10-10,Columbus Day,USW00094846,TMAX,244.0
2001-10-08,Columbus Day,USW00094846,TMAX,183.0
2008-10-13,Columbus Day,USW00094846,TMAX,250.0
1997-05-26,Memorial Day,USW00094846,TMAX,128.0
2004-05-31,Memorial Day,USW00094846,TMAX,189.0
2011-05-30,Memorial Day,USW00094846,TMAX,311.0
2001-05-28,Memorial Day,USW00094846,TMAX,194.0
2008-05-26,Memorial Day,USW00094846,TMAX,272.0
1997-11-11,Veterans Day,USW00094846,TMAX,6.0
2004-11-11,Veterans Day,USW00094846,TMAX,111.0
2011-11-11,Veterans Day,USW00094846,TMAX,72.0
2001-11-12,Veterans Day,USW00094846,TMAX,133.0
2008-11-11,Veterans Day,USW00094846,TMAX,33.0
1997-12-25,Christmas Day,USW00094846,TMAX,17.0
2004-12-24,Christmas Day,USW00094846,TMAX,-111.0
2011-12-26,Christmas Day,USW00094846,TMAX,72.0
2001-12-25,Christmas Day,USW00094846,TMAX,-56.0
2008-12-25,Christmas Day,USW00094846,TMAX,-44.0
2004-01-01,New Year's Day,USW00094846,TMAX,94.0
2001-01-20,Inauguration Day,USW00094846,TMAX,-44.0
1997-07-04,Independence Day,USW00094846,TMAX,189.0
2004-07-05,Independence Day,USW00094846,TMAX,233.0
2011-07-04,Independence Day,USW00094846,TMAX,317.0
2001-07-04,Independence Day,USW00094846,TMAX,311.0
2008-07-04,Independence Day,USW00094846,TMAX,244.0
1997-01-01,New Year’s Day,USW00094846,TMAX,39.0
2004-12-31,New Year’s Day,USW00094846,TMAX,133.0
2001-01-01,New Year’s Day,USW00094846,TMAX,-44.0
2008-01-01,New Year’s Day,USW00094846,TMAX,-28.0
1997-11-27,Thanksgiving Day,USW00094846,TMAX,89.0
2004-11-25,Thanksgiving Day,USW00094846,TMAX,6.0
2011-11-14,Thanksgiving Day,USW00094846,TMAX,117.0
2001-11-22,Thanksgiving Day,USW00094846,TMAX,139.0
2008-11-27,Thanksgiving Day,USW00094846,TMAX,72.0
2004-02-16,Washington's Birthday,USW00094846,TMAX,-28.0
1997-02-17,Washington’s Birthday,USW00094846,TMAX,61.0
2011-02-21,Washington’s Birthday,USW00094846,TMAX,6.0
2001-02-19,Washington’s Birthday,USW00094846,TMAX,56.0
2008-02-18,Washington’s Birthday,USW00094846,TMAX,0.0
1997-01-20,"Birthday of Martin Luther King, Jr.",USW00094846,TMAX,33.0
2004-01-19,"Birthday of Martin Luther King, Jr.",USW00094846,TMAX,-78.0
2011-01-17,"Birthday of Martin Luther King, Jr.",USW00094846,TMAX,0.0
2001-01-15,"Birthday of Martin Luther King, Jr.",USW00094846,TMAX,17.0
2008-01-21,"Birthday of Martin Luther King, Jr.",USW00094846,TMAX,-28.0
2017-09-04,Labor Day,USW00094846,TMAX,278.0
2017-01-02,New Year’s Day,USW00094846,TMAX,44.0
2017-01-16,"Birthday of Martin Luther King, Jr.",USW00094846,TMAX,28.0
2017-01-20,Inauguration Day,USW00094846,TMAX,61.0
2017-01-20,Washington’s Birthday,USW00094846,TMAX,61.0
2017-10-09,Columbus Day,USW00094846,TMAX,272.0
2017-11-10,Veterans Day,USW00094846,TMAX,-10.0
2017-12-23,Thanksgiving Day,USW00094846,TMAX,6.0
2017-12-25,Christmas Day,USW00094846,TMAX,-60.0
2017-05-29,Memorial Day,USW00094846,TMAX,250.0
2017-07-04,Independence Day,USW00094846,TMAX,283.0
2010-09-06,Labor Day,USW00094846,TMAX,278.0
2010-10-11,Columbus Day,USW00094846,TMAX,278.0
2010-05-31,Memorial Day,USW00094846,TMAX,272.0
2010-11-11,Veterans Day,USW00094846,TMAX,194.0
2010-12-24,Christmas Day,USW00094846,TMAX,0.0
2010-07-05,Independence Day,USW00094846,TMAX,328.0
2010-12-31,New Year’s Day,USW00094846,TMAX,117.0
2010-01-01,New Year’s Day,USW00094846,TMAX,-89.0
2010-11-25,Thanksgiving Day,USW00094846,TMAX,39.0
2010-02-15,Washington’s Birthday,USW00094846,TMAX,-22.0
2010-01-18,"Birthday of Martin Luther King, Jr.",USW00094846,TMAX,-6.0
2000-01-17,"Birthday of Martin Luther King, Jr.",USW00094846,TMAX,-39.0
2000-11-23,Thanksgiving Day,USW00094846,TMAX,22.0
2000-11-10,Veterans Day,USW00094846,TMAX,61.0
2000-12-25,Christmas Day,USW00094846,TMAX,-83.0
2000-10-09,Columbus Day,USW00094846,TMAX,139.0
2000-09-04,Labor Day,USW00094846,TMAX,211.0
2000-07-04,Independence Day,USW00094846,TMAX,261.0
2000-05-29,Memorial Day,USW00094846,TMAX,194.0
2000-02-21,Washington’s Birthday,USW00094846,TMAX,83.0
2004-11-11,Veterans Day,USW00094846,TMAX,111.0
2004-10-11,Columbus Day,USW00094846,TMAX,172.0
2004-12-24,Christmas Day,USW00094846,TMAX,-111.0
2004-09-06,Labor Day,USW00094846,TMAX,267.0
2004-01-01,New Year's Day,USW00094846,TMAX,94.0
2004-05-31,Memorial Day,USW00094846,TMAX,189.0
2004-01-19,"Birthday of Martin Luther King, Jr.",USW00094846,TMAX,-78.0
2004-12-31,New Year’s Day,USW00094846,TMAX,133.0
2004-07-05,Independence Day,USW00094846,TMAX,233.0
2004-02-16,Washington's Birthday,USW00094846,TMAX,-28.0
2004-11-25,Thanksgiving Day,USW00094846,TMAX,6.0
2014-11-11,Veterans Day,USW00094846,TMAX,144.0
2014-05-26,Memorial Day,USW00094846,TMAX,306.0
2014-09-01,Labor Day,USW00094846,TMAX,283.0
2014-02-17,Washington’s Birthday,USW00094846,TMAX,-21.0
2014-11-27,Thanksgiving Day,USW00094846,TMAX,-27.0
2014-07-04,Independence Day,USW00094846,TMAX,261.0
2014-12-25,Christmas Day,USW00094846,TMAX,56.0
2014-01-20,"Birthday of Martin Luther King, Jr.",USW00094846,TMAX,17.0
2014-10-13,Columbus Day,USW00094846,TMAX,194.0
2014-01-01,New Year’s Day,USW00094846,TMAX,-55.0
1998-02-16,Washington’s Birthday,USW00094846,TMAX,67.0
1998-12-25,Christmas Day,USW00094846,TMAX,6.0
1998-11-26,Thanksgiving Day,USW00094846,TMAX,161.0
1998-01-01,New Year’s Day,USW00094846,TMAX,44.0
1998-05-25,Memorial Day,USW00094846,TMAX,222.0
1998-11-11,Veterans Day,USW00094846,TMAX,78.0
1998-09-07,Labor Day,USW00094846,TMAX,233.0
1998-07-03,Independence Day,USW00094846,TMAX,311.0
1998-01-19,"Birthday of Martin Luther King, Jr.",USW00094846,TMAX,-17.0
1998-10-12,Columbus Day,USW00094846,TMAX,217.0
2009-01-01,New Year’s Day,USW00094846,TMAX,-6.0
2009-07-03,Independence Day,USW00094846,TMAX,261.0
2009-11-11,Veterans Day,USW00094846,TMAX,122.0
2009-01-19,"Birthday of Martin Luther King, Jr.",USW00094846,TMAX,-50.0
2009-12-25,Christmas Day,USW00094846,TMAX,61.0
2009-09-07,Labor Day,USW00094846,TMAX,250.0
2009-11-26,Thanksgiving Day,USW00094846,TMAX,56.0
2009-02-16,Washington’s Birthday,USW00094846,TMAX,6.0
2009-01-20,Inauguration Day,USW00094846,TMAX,-44.0
2009-05-25,Memorial Day,USW00094846,TMAX,194.0
2009-10-12,Columbus Day,USW00094846,TMAX,89.0
2007-11-22,Thanksgiving Day,USW00094846,TMAX,6.0
2007-01-15,"Birthday of Martin Luther King, Jr.",USW00094846,TMAX,6.0
2007-12-25,Christmas Day,USW00094846,TMAX,56.0
2007-02-19,Washington’s Birthday,USW00094846,TMAX,56.0
2007-10-08,Columbus Day,USW00094846,TMAX,306.0
2007-05-28,Memorial Day,USW00094846,TMAX,261.0
2007-09-03,Labor Day,USW00094846,TMAX,311.0
2007-01-01,New Year’s Day,USW00094846,TMAX,61.0
2007-11-12,Veterans Day,USW00094846,TMAX,189.0
2007-07-04,Independence Day,USW00094846,TMAX,300.0
1998-02-16,Washington’s Birthday,USW00094846,TMAX,67.0
1998-01-19,"Birthday of Martin Luther King, Jr.",USW00094846,TMAX,-17.0
1998-11-26,Thanksgiving Day,USW00094846,TMAX,161.0
1998-12-25,Christmas Day,USW00094846,TMAX,6.0
1998-07-03,Independence Day,USW00094846,TMAX,311.0
1998-01-01,New Year’s Day,USW00094846,TMAX,44.0
1998-05-25,Memorial Day,USW00094846,TMAX,222.0
1998-10-12,Columbus Day,USW00094846,TMAX,217.0
1998-09-07,Labor Day,USW00094846,TMAX,233.0
1998-11-11,Veterans Day,USW00094846,TMAX,78.0
2007-11-22,Thanksgiving Day,USW00094846,TMAX,6.0
2007-01-15,"Birthday of Martin Luther King, Jr.",USW00094846,TMAX,6.0
2007-12-25,Christmas Day,USW00094846,TMAX,56.0
2007-02-19,Washington’s Birthday,USW00094846,TMAX,56.0
2007-10-08,Columbus Day,USW00094846,TMAX,306.0
2007-05-28,Memorial Day,USW00094846,TMAX,261.0
2007-09-03,Labor Day,USW00094846,TMAX,311.0
2007-01-01,New Year’s Day,USW00094846,TMAX,61.0
2007-11-12,Veterans Day,USW00094846,TMAX,189.0
2007-07-04,Independence Day,USW00094846,TMAX,300.0
2012-12-25,Christmas Day,USW00094846,TMAX,6.0
2012-01-02,New Year's Day,USW00094846,TMAX,-17.0
2012-11-12,Veterans Day,USW00094846,TMAX,44.0
2012-02-20,Washington's Birthday,USW00094846,TMAX,72.0
2012-01-16,"Birthday of Martin Luther King, Jr.",USW00094846,TMAX,72.0
2012-07-04,Independence Day,USW00094846,TMAX,389.0
2012-09-03,Labor Day,USW00094846,TMAX,311.0
2012-10-08,Columbus Day,USW00094846,TMAX,156.0
2012-11-22,Thanksgiving Day,USW00094846,TMAX,172.0
2012-05-28,Memorial Day,USW00094846,TMAX,350.0
2010-09-06,Labor Day,USW00094846,TMAX,278.0
2010-10-11,Columbus Day,USW00094846,TMAX,278.0
2010-05-31,Memorial Day,USW00094846,TMAX,272.0
2010-11-11,Veterans Day,USW00094846,TMAX,194.0
2010-12-24,Christmas Day,USW00094846,TMAX,0.0
2010-07-05,Independence Day,USW00094846,TMAX,328.0
2010-01-01,New Year’s Day,USW00094846,TMAX,-89.0
2010-12-31,New Year’s Day,USW00094846,TMAX,117.0
2010-11-25,Thanksgiving Day,USW00094846,TMAX,39.0
2010-02-15,Washington’s Birthday,USW00094846,TMAX,-22.0
2010-01-18,"Birthday of Martin Luther King, Jr.",USW00094846,TMAX,-6.0
2002-05-27,Memorial Day,USW00094846,TMAX,256.0
2002-07-04,Independence Day,USW00094846,TMAX,322.0
2002-09-02,Labor Day,USW00094846,TMAX,278.0
2002-11-28,Thanksgiving Day,USW00094846,TMAX,6.0
2002-10-14,Columbus Day,USW00094846,TMAX,139.0
2002-12-25,Christmas Day,USW00094846,TMAX,-17.0
2002-11-11,Veterans Day,USW00094846,TMAX,50.0
2002-02-18,Washington’s Birthday,USW00094846,TMAX,100.0
2002-01-01,New Year’s Day,USW00094846,TMAX,-39.0
2002-01-21,"Birthday of Martin Luther King, Jr.",USW00094846,TMAX,22.0
2013-11-28,Thanksgiving Day,USW00094846,TMAX,11.0
2013-01-20,Inauguration Day,USW00094846,TMAX,-22.0
2013-12-25,Christmas Day,USW00094846,TMAX,-27.0
2013-09-02,Labor Day,USW00094846,TMAX,261.0
2013-01-01,New Year’s Day,USW00094846,TMAX,-39.0
2013-01-21,"Birthday of Martin Luther King, Jr.",USW00094846,TMAX,-94.0
2013-07-04,Independence Day,USW00094846,TMAX,283.0
2013-11-11,Veterans Day,USW00094846,TMAX,83.0
2013-02-18,Washington’s Birthday,USW00094846,TMAX,111.0
2013-05-27,Memorial Day,USW00094846,TMAX,167.0
2013-10-14,Columbus Day,USW00094846,TMAX,167.0
2002-02-18,Washington’s Birthday,USW00094846,TMAX,100.0
2002-05-27,Memorial Day,USW00094846,TMAX,256.0
2002-10-14,Columbus Day,USW00094846,TMAX,139.0
2002-11-11,Veterans Day,USW00094846,TMAX,50.0
2002-11-28,Thanksgiving Day,USW00094846,TMAX,6.0
2002-01-01,New Year’s Day,USW00094846,TMAX,-39.0
2002-01-21,"Birthday of Martin Luther King, Jr.",USW00094846,TMAX,22.0
2002-07-04,Independence Day,USW00094846,TMAX,322.0
2002-12-25,Christmas Day,USW00094846,TMAX,-17.0
2002-09-02,Labor Day,USW00094846,TMAX,278.0
2015-12-25,Christmas Day,USW00094846,TMAX,67.0
2015-01-01,New Year’s Day,USW00094846,TMAX,0.0
2015-02-16,Washington’s Birthday,USW00094846,TMAX,-77.0
2015-05-25,Memorial Day,USW00094846,TMAX,256.0
2015-11-26,Thanksgiving Day,USW00094846,TMAX,156.0
2015-07-03,Independence Day,USW00094846,TMAX,250.0
2015-11-11,Veterans Day,USW00094846,TMAX,172.0
2015-01-19,"Birthday of Martin Luther King, Jr.",USW00094846,TMAX,50.0
2015-09-07,Labor Day,USW00094846,TMAX,311.0
2015-10-12,Columbus Day,USW00094846,TMAX,239.0
2021-01-01,New Year’s Day,USW00094846,TMAX,17.0
2021-01-18,"Birthday of Martin Luther King, Jr.",USW00094846,TMAX,-10.0
2021-02-15,Washington’s Birthday,USW00094846,TMAX,-110.0
2021-01-20,Inauguation Day,USW00094846,TMAX,11.0
2021-05-31,Memorial Day,USW00094846,TMAX,211.0
2021-11-25,Thanksgiving Day,USW00094846,TMAX,89.0
2021-12-25,Christmas Day,USW00094846,TMAX,128.0
2021-07-05,Independence Day,USW00094846,TMAX,328.0
2021-10-11,Columbus Day,USW00094846,TMAX,250.0
2021-09-06,Labor Day,USW00094846,TMAX,278.0
2021-11-11,Veterans Day,USW00094846,TMAX,139.0
2011-01-17,"Birthday of Martin Luther King, Jr.",USW00094846,TMAX,0.0
2011-02-21,Washington’s Birthday,USW00094846,TMAX,6.0
2011-12-26,Christmas Day,USW00094846,TMAX,72.0
2011-11-11,Veterans Day,USW00094846,TMAX,72.0
2011-11-14,Thanksgiving Day,USW00094846,TMAX,117.0
2011-05-30,Memorial Day,USW00094846,TMAX,311.0
2011-10-10,Columbus Day,USW00094846,TMAX,244.0
2011-07-04,Independence Day,USW00094846,TMAX,317.0
2011-09-05,Labor Day,USW00094846,TMAX,183.0
2008-02-18,Washington’s Birthday,USW00094846,TMAX,0.0
2008-01-21,"Birthday of Martin Luther King, Jr.",USW00094846,TMAX,-28.0
2008-01-01,New Year’s Day,USW00094846,TMAX,-28.0
2008-12-25,Christmas Day,USW00094846,TMAX,-44.0
2008-11-27,Thanksgiving Day,USW00094846,TMAX,72.0
2008-05-26,Memorial Day,USW00094846,TMAX,272.0
2008-09-01,Labor Day,USW00094846,TMAX,322.0
2008-10-13,Columbus Day,USW00094846,TMAX,250.0
2008-11-11,Veterans Day,USW00094846,TMAX,33.0
2008-07-04,Independence Day,USW00094846,TMAX,244.0
2001-01-15,"Birthday of Martin Luther King, Jr.",USW00094846,TMAX,17.0
2001-01-20,Inauguration Day,USW00094846,TMAX,-44.0
2001-01-01,New Year’s Day,USW00094846,TMAX,-44.0
2001-02-19,Washington’s Birthday,USW00094846,TMAX,56.0
2001-12-25,Christmas Day,USW00094846,TMAX,-56.0
2001-05-28,Memorial Day,USW00094846,TMAX,194.0
2001-11-22,Thanksgiving Day,USW00094846,TMAX,139.0
2001-09-03,Labor Day,USW00094846,TMAX,294.0
2001-07-04,Independence Day,USW00094846,TMAX,311.0
2001-11-12,Veterans Day,USW00094846,TMAX,133.0
2001-10-08,Columbus Day,USW00094846,TMAX,183.0
2005-02-21,Washington’s Birthday,USW00094846,TMAX,22.0
2005-01-20,Inauguration Day,USW00094846,TMAX,-22.0
2005-12-26,Christmas Day,USW00094846,TMAX,28.0
2005-11-24,Thanksgiving Day,USW00094846,TMAX,50.0
2005-05-30,Memorial Day,USW00094846,TMAX,233.0
2005-07-04,Independence Day,USW00094846,TMAX,306.0
2005-09-05,Labor Day,USW00094846,TMAX,306.0
2005-01-17,"Birthday of Martin Luther King, Jr.",USW00094846,TMAX,-117.0
2005-11-11,Veterans Day,USW00094846,TMAX,156.0
2005-10-10,Columbus Day,USW00094846,TMAX,172.0
2009-07-03,Independence Day,USW00094846,TMAX,261.0
2009-10-12,Columbus Day,USW00094846,TMAX,89.0
2009-01-19,"Birthday of Martin Luther King, Jr.",USW00094846,TMAX,-50.0
2009-05-25,Memorial Day,USW00094846,TMAX,194.0
2009-12-25,Christmas Day,USW00094846,TMAX,61.0
2009-02-16,Washington’s Birthday,USW00094846,TMAX,6.0
2009-01-01,New Year’s Day,USW00094846,TMAX,-6.0
2009-11-11,Veterans Day,USW00094846,TMAX,122.0
2009-11-26,Thanksgiving Day,USW00094846,TMAX,56.0
2009-09-07,Labor Day,USW00094846,TMAX,250.0
2009-01-20,Inauguration Day,USW00094846,TMAX,-44.0
2012-01-02,New Year's Day,USW00094846,TMAX,-17.0
2012-10-08,Columbus Day,USW00094846,TMAX,156.0
2012-05-28,Memorial Day,USW00094846,TMAX,350.0
2012-11-22,Thanksgiving Day,USW00094846,TMAX,172.0
2012-12-25,Christmas Day,USW00094846,TMAX,6.0
2012-11-12,Veterans Day,USW00094846,TMAX,44.0
2012-02-20,Washington's Birthday,USW00094846,TMAX,72.0
2012-01-16,"Birthday of Martin Luther King, Jr.",USW00094846,TMAX,72.0
2012-09-03,Labor Day,USW00094846,TMAX,311.0
2012-07-04,Independence Day,USW00094846,TMAX,389.0
2003-11-11,Veterans Day,USW00094846,TMAX,133.0
2003-07-04,Independence Day,USW00094846,TMAX,344.0
2003-09-01,Labor Day,USW00094846,TMAX,183.0
2003-11-27,Thanksgiving Day,USW00094846,TMAX,72.0
2003-12-25,Christmas Day,USW00094846,TMAX,22.0
2003-10-13,Columbus Day,USW00094846,TMAX,228.0
2003-01-20,"Birthday of Martin Luther King, Jr.",USW00094846,TMAX,-61.0
2003-05-26,Memorial Day,USW00094846,TMAX,217.0
2003-01-01,New Year’s Day,USW00094846,TMAX,6.0
2003-02-17,Washington’s Birthday,USW00094846,TMAX,0.0
2019-01-21,"Birthday of Martin Luther King, Jr.",USW00094846,TMAX,-82.0
2019-02-18,Washington’s Birthday,USW00094846,TMAX,-5.0
2019-05-27,Memorial Day,USW00094846,TMAX,228.0
2019-09-02,Labor Day,USW00094846,TMAX,278.0
2019-11-11,Veterans Day,USW00094846,TMAX,6.0
2019-07-04,Independence Day,USW00094846,TMAX,328.0
2019-11-28,Thanksgiving Day,USW00094846,TMAX,28.0
2019-12-25,Christmas Day,USW00094846,TMAX,139.0
2019-10-14,Columbus Day,USW00094846,TMAX,122.0
2019-01-01,New Year’s Day,USW00094846,TMAX,11.0
2015-09-07,Labor Day,USW00094846,TMAX,311.0
2015-12-25,Christmas Day,USW00094846,TMAX,67.0
2015-01-01,New Year’s Day,USW00094846,TMAX,0.0
2015-11-11,Veterans Day,USW00094846,TMAX,172.0
2015-05-25,Memorial Day,USW00094846,TMAX,256.0
2015-02-16,Washington’s Birthday,USW00094846,TMAX,-77.0
2015-07-03,Independence Day,USW00094846,TMAX,250.0
2015-10-12,Columbus Day,USW00094846,TMAX,239.0
2015-01-19,"Birthday of Martin Luther King, Jr.",USW00094846,TMAX,50.0
2015-11-26,Thanksgiving Day,USW00094846,TMAX,156.0
2014-05-26,Memorial Day,USW00094846,TMAX,306.0
2014-01-01,New Year’s Day,USW00094846,TMAX,-55.0
2014-07-04,Independence Day,USW00094846,TMAX,261.0
2014-02-17,Washington’s Birthday,USW00094846,TMAX,-21.0
2014-11-11,Veterans Day,USW00094846,TMAX,144.0
2014-10-13,Columbus Day,USW00094846,TMAX,194.0
2014-12-25,Christmas Day,USW00094846,TMAX,56.0
2014-11-27,Thanksgiving Day,USW00094846,TMAX,-27.0
2014-09-01,Labor Day,USW00094846,TMAX,283.0
2014-01-20,"Birthday of Martin Luther King, Jr.",USW00094846,TMAX,17.0
2020-07-03,Independence Day,USW00094846,TMAX,328.0
2020-01-01,New Year’s Day,USW00094846,TMAX,56.0
2020-01-20,"Birthday of Martin Luther King, Jr.",USW00094846,TMAX,-5.0
2020-09-07,Labor Day,USW00094846,TMAX,267.0
2020-12-25,Christmas Day,USW00094846,TMAX,-55.0
2020-10-12,Columbus Day,USW00094846,TMAX,194.0
2020-05-25,Memorial Day,USW00094846,TMAX,311.0
2020-11-26,Thanksgiving Day,USW00094846,TMAX,78.0
2020-02-17,Washington’s Birthday,USW00094846,TMAX,50.0
2020-11-11,Veterans Day,USW00094846,TMAX,72.0
1999-12-31,New Year’s Day,USW00094846,TMAX,50.0
1999-01-08,"Birthday of Martin Luther King, Jr.",USW00094846,TMAX,-56.0
1999-01-01,New Year’s Day,USW00094846,TMAX,-56.0
1999-02-15,Washington’s Birthday,USW00094846,TMAX,128.0
1999-11-11,Veterans Day,USW00094846,TMAX,89.0
1999-11-25,Thanksgiving Day,USW00094846,TMAX,89.0
1999-10-11,Columbus Day,USW00094846,TMAX,194.0
1999-05-31,Memorial Day,USW00094846,TMAX,278.0
1999-09-06,Labor Day,USW00094846,TMAX,244.0
1999-07-05,Independence Day,USW00094846,TMAX,344.0
1999-12-24,Christmas Day,USW00094846,TMAX,-67.0
2018-11-22,Thanksgiving Day,USW00094846,TMAX,44.0
2018-11-12,Veterans Day,USW00094846,TMAX,11.0
2018-05-28,Memorial Day,USW00094846,TMAX,350.0
2018-02-19,Washington’s Birthday,USW00094846,TMAX,156.0
2018-09-03,Labor Day,USW00094846,TMAX,311.0
2018-12-25,Christmas Day,USW00094846,TMAX,72.0
2018-07-04,Independence Day,USW00094846,TMAX,339.0
2018-10-08,Columbus Day,USW00094846,TMAX,294.0
2018-01-01,New Year’s Day,USW00094846,TMAX,-171.0
2018-01-15,"Birthday of Martin Luther King, Jr.",USW00094846,TMAX,-43.0
2018-12-25,Christmas Day,USW00094846,TMAX,72.0
2018-02-19,Washington’s Birthday,USW00094846,TMAX,156.0
2018-11-22,Thanksgiving Day,USW00094846,TMAX,44.0
2018-07-04,Independence Day,USW00094846,TMAX,339.0
2018-09-03,Labor Day,USW00094846,TMAX,311.0
2018-01-15,"Birthday of Martin Luther King, Jr.",USW00094846,TMAX,-43.0
2018-01-01,New Year’s Day,USW00094846,TMAX,-171.0
2018-11-12,Veterans Day,USW00094846,TMAX,11.0
2018-05-28,Memorial Day,USW00094846,TMAX,350.0
2018-10-08,Columbus Day,USW00094846,TMAX,294.0
2005-02-21,Washington’s Birthday,USW00094846,TMAX,22.0
2005-01-20,Inauguration Day,USW00094846,TMAX,-22.0
2005-12-26,Christmas Day,USW00094846,TMAX,28.0
2005-11-24,Thanksgiving Day,USW00094846,TMAX,50.0
2005-05-30,Memorial Day,USW00094846,TMAX,233.0
2005-09-05,Labor Day,USW00094846,TMAX,306.0
2005-07-04,Independence Day,USW00094846,TMAX,306.0
2005-01-17,"Birthday of Martin Luther King, Jr.",USW00094846,TMAX,-117.0
2005-11-11,Veterans Day,USW00094846,TMAX,156.0
2005-10-10,Columbus Day,USW00094846,TMAX,172.0
2004-11-25,Thanksgiving Day,USW00094846,TMAX,6.0
2004-01-19,"Birthday of Martin Luther King, Jr.",USW00094846,TMAX,-78.0
2004-10-11,Columbus Day,USW00094846,TMAX,172.0
2004-09-06,Labor Day,USW00094846,TMAX,267.0
2004-11-11,Veterans Day,USW00094846,TMAX,111.0
2004-07-05,Independence Day,USW00094846,TMAX,233.0
2004-05-31,Memorial Day,USW00094846,TMAX,189.0
2004-12-31,New Year’s Day,USW00094846,TMAX,133.0
2004-12-24,Christmas Day,USW00094846,TMAX,-111.0
2004-02-16,Washington's Birthday,USW00094846,TMAX,-28.0
2004-01-01,New Year's Day,USW00094846,TMAX,94.0
2000-09-04,Labor Day,USW00094846,TMAX,211.0
2006-09-04,Labor Day,USW00094846,TMAX,217.0
1998-09-07,Labor Day,USW00094846,TMAX,233.0
2012-09-03,Labor Day,USW00094846,TMAX,311.0
1999-09-06,Labor Day,USW00094846,TMAX,244.0
2013-09-02,Labor Day,USW00094846,TMAX,261.0
2020-09-07,Labor Day,USW00094846,TMAX,267.0
2015-09-07,Labor Day,USW00094846,TMAX,311.0
2017-09-04,Labor Day,USW00094846,TMAX,278.0
2003-09-01,Labor Day,USW00094846,TMAX,183.0
2018-09-03,Labor Day,USW00094846,TMAX,311.0
2014-09-01,Labor Day,USW00094846,TMAX,283.0
2002-09-02,Labor Day,USW00094846,TMAX,278.0
2016-09-05,Labor Day,USW00094846,TMAX,306.0
2005-09-05,Labor Day,USW00094846,TMAX,306.0
2010-09-06,Labor Day,USW00094846,TMAX,278.0
2007-09-03,Labor Day,USW00094846,TMAX,311.0
2021-09-06,Labor Day,USW00094846,TMAX,278.0
2009-09-07,Labor Day,USW00094846,TMAX,250.0
2000-10-09,Columbus Day,USW00094846,TMAX,139.0
2006-10-09,Columbus Day,USW00094846,TMAX,189.0
1998-10-12,Columbus Day,USW00094846,TMAX,217.0
2012-10-08,Columbus Day,USW00094846,TMAX,156.0
1999-10-11,Columbus Day,USW00094846,TMAX,194.0
2013-10-14,Columbus Day,USW00094846,TMAX,167.0
2020-10-12,Columbus Day,USW00094846,TMAX,194.0
2015-10-12,Columbus Day,USW00094846,TMAX,239.0
2017-10-09,Columbus Day,USW00094846,TMAX,272.0
2003-10-13,Columbus Day,USW00094846,TMAX,228.0
2018-10-08,Columbus Day,USW00094846,TMAX,294.0
2014-10-13,Columbus Day,USW00094846,TMAX,194.0
2002-10-14,Columbus Day,USW00094846,TMAX,139.0
2016-10-10,Columbus Day,USW00094846,TMAX,217.0
2005-10-10,Columbus Day,USW00094846,TMAX,172.0
2010-10-11,Columbus Day,USW00094846,TMAX,278.0
2007-10-08,Columbus Day,USW00094846,TMAX,306.0
2021-10-11,Columbus Day,USW00094846,TMAX,250.0
2009-10-12,Columbus Day,USW00094846,TMAX,89.0
2000-05-29,Memorial Day,USW00094846,TMAX,194.0
2006-05-29,Memorial Day,USW00094846,TMAX,328.0
1998-05-25,Memorial Day,USW00094846,TMAX,222.0
2012-05-28,Memorial Day,USW00094846,TMAX,350.0
1999-05-31,Memorial Day,USW00094846,TMAX,278.0
2013-05-27,Memorial Day,USW00094846,TMAX,167.0
2020-05-25,Memorial Day,USW00094846,TMAX,311.0
2015-05-25,Memorial Day,USW00094846,TMAX,256.0
2017-05-29,Memorial Day,USW00094846,TMAX,250.0
2003-05-26,Memorial Day,USW00094846,TMAX,217.0
2018-05-28,Memorial Day,USW00094846,TMAX,350.0
2014-05-26,Memorial Day,USW00094846,TMAX,306.0
2002-05-27,Memorial Day,USW00094846,TMAX,256.0
2016-05-30,Memorial Day,USW00094846,TMAX,306.0
2005-05-30,Memorial Day,USW00094846,TMAX,233.0
2010-05-31,Memorial Day,USW00094846,TMAX,272.0
2007-05-28,Memorial Day,USW00094846,TMAX,261.0
2021-05-31,Memorial Day,USW00094846,TMAX,211.0
2009-05-25,Memorial Day,USW00094846,TMAX,194.0
2000-11-10,Veterans Day,USW00094846,TMAX,61.0
2006-11-10,Veterans Day,USW00094846,TMAX,89.0
1998-11-11,Veterans Day,USW00094846,TMAX,78.0
2012-11-12,Veterans Day,USW00094846,TMAX,44.0
1999-11-11,Veterans Day,USW00094846,TMAX,89.0
2013-11-11,Veterans Day,USW00094846,TMAX,83.0
2020-11-11,Veterans Day,USW00094846,TMAX,72.0
2015-11-11,Veterans Day,USW00094846,TMAX,172.0
2017-11-10,Veterans Day,USW00094846,TMAX,-10.0
2003-11-11,Veterans Day,USW00094846,TMAX,133.0
2018-11-12,Veterans Day,USW00094846,TMAX,11.0
2014-11-11,Veterans Day,USW00094846,TMAX,144.0
2002-11-11,Veterans Day,USW00094846,TMAX,50.0
2016-11-11,Veterans Day,USW00094846,TMAX,111.0
2005-11-11,Veterans Day,USW00094846,TMAX,156.0
2010-11-11,Veterans Day,USW00094846,TMAX,194.0
2007-11-12,Veterans Day,USW00094846,TMAX,189.0
2021-11-11,Veterans Day,USW00094846,TMAX,139.0
2009-11-11,Veterans Day,USW00094846,TMAX,122.0
2000-12-25,Christmas Day,USW00094846,TMAX,-83.0
2006-12-25,Christmas Day,USW00094846,TMAX,28.0
1998-12-25,Christmas Day,USW00094846,TMAX,6.0
2012-12-25,Christmas Day,USW00094846,TMAX,6.0
1999-12-24,Christmas Day,USW00094846,TMAX,-67.0
2013-12-25,Christmas Day,USW00094846,TMAX,-27.0
2020-12-25,Christmas Day,USW00094846,TMAX,-55.0
2015-12-25,Christmas Day,USW00094846,TMAX,67.0
2017-12-25,Christmas Day,USW00094846,TMAX,-60.0
2003-12-25,Christmas Day,USW00094846,TMAX,22.0
2018-12-25,Christmas Day,USW00094846,TMAX,72.0
2014-12-25,Christmas Day,USW00094846,TMAX,56.0
2002-12-25,Christmas Day,USW00094846,TMAX,-17.0
2016-12-26,Christmas Day,USW00094846,TMAX,122.0
2005-12-26,Christmas Day,USW00094846,TMAX,28.0
2010-12-24,Christmas Day,USW00094846,TMAX,0.0
2007-12-25,Christmas Day,USW00094846,TMAX,56.0
2021-12-25,Christmas Day,USW00094846,TMAX,128.0
2009-12-25,Christmas Day,USW00094846,TMAX,61.0
2012-01-02,New Year's Day,USW00094846,TMAX,-17.0
2021-01-20,Inauguation Day,USW00094846,TMAX,11.0
2013-01-20,Inauguration Day,USW00094846,TMAX,-22.0
2017-01-20,Inauguration Day,USW00094846,TMAX,61.0
2005-01-20,Inauguration Day,USW00094846,TMAX,-22.0
2009-01-20,Inauguration Day,USW00094846,TMAX,-44.0
2000-07-04,Independence Day,USW00094846,TMAX,261.0
2006-07-04,Independence Day,USW00094846,TMAX,256.0
1998-07-03,Independence Day,USW00094846,TMAX,311.0
2012-07-04,Independence Day,USW00094846,TMAX,389.0
1999-07-05,Independence Day,USW00094846,TMAX,344.0
2013-07-04,Independence Day,USW00094846,TMAX,283.0
2020-07-03,Independence Day,USW00094846,TMAX,328.0
2015-07-03,Independence Day,USW00094846,TMAX,250.0
2017-07-04,Independence Day,USW00094846,TMAX,283.0
2003-07-04,Independence Day,USW00094846,TMAX,344.0
2018-07-04,Independence Day,USW00094846,TMAX,339.0
2014-07-04,Independence Day,USW00094846,TMAX,261.0
2002-07-04,Independence Day,USW00094846,TMAX,322.0
2016-07-04,Independence Day,USW00094846,TMAX,261.0
2005-07-04,Independence Day,USW00094846,TMAX,306.0
2010-07-05,Independence Day,USW00094846,TMAX,328.0
2007-07-04,Independence Day,USW00094846,TMAX,300.0
2021-07-05,Independence Day,USW00094846,TMAX,328.0
2009-07-03,Independence Day,USW00094846,TMAX,261.0
2006-01-02,New Year’s Day,USW00094846,TMAX,56.0
1998-01-01,New Year’s Day,USW00094846,TMAX,44.0
1999-12-31,New Year’s Day,USW00094846,TMAX,50.0
1999-01-01,New Year’s Day,USW00094846,TMAX,-56.0
2013-01-01,New Year’s Day,USW00094846,TMAX,-39.0
2020-01-01,New Year’s Day,USW00094846,TMAX,56.0
2015-01-01,New Year’s Day,USW00094846,TMAX,0.0
2017-01-02,New Year’s Day,USW00094846,TMAX,44.0
2003-01-01,New Year’s Day,USW00094846,TMAX,6.0
2018-01-01,New Year’s Day,USW00094846,TMAX,-171.0
2014-01-01,New Year’s Day,USW00094846,TMAX,-55.0
2002-01-01,New Year’s Day,USW00094846,TMAX,-39.0
2016-01-01,New Year’s Day,USW00094846,TMAX,-5.0
2010-12-31,New Year’s Day,USW00094846,TMAX,117.0
2010-01-01,New Year’s Day,USW00094846,TMAX,-89.0
2007-01-01,New Year’s Day,USW00094846,TMAX,61.0
2021-01-01,New Year’s Day,USW00094846,TMAX,17.0
2009-01-01,New Year’s Day,USW00094846,TMAX,-6.0
2000-11-23,Thanksgiving Day,USW00094846,TMAX,22.0
2006-11-23,Thanksgiving Day,USW00094846,TMAX,144.0
1998-11-26,Thanksgiving Day,USW00094846,TMAX,161.0
2012-11-22,Thanksgiving Day,USW00094846,TMAX,172.0
1999-11-25,Thanksgiving Day,USW00094846,TMAX,89.0
2013-11-28,Thanksgiving Day,USW00094846,TMAX,11.0
2020-11-26,Thanksgiving Day,USW00094846,TMAX,78.0
2015-11-26,Thanksgiving Day,USW00094846,TMAX,156.0
2017-12-23,Thanksgiving Day,USW00094846,TMAX,6.0
2003-11-27,Thanksgiving Day,USW00094846,TMAX,72.0
2018-11-22,Thanksgiving Day,USW00094846,TMAX,44.0
2014-11-27,Thanksgiving Day,USW00094846,TMAX,-27.0
2002-11-28,Thanksgiving Day,USW00094846,TMAX,6.0
2016-11-24,Thanksgiving Day,USW00094846,TMAX,61.0
2005-11-24,Thanksgiving Day,USW00094846,TMAX,50.0
2010-11-25,Thanksgiving Day,USW00094846,TMAX,39.0
2007-11-22,Thanksgiving Day,USW00094846,TMAX,6.0
2021-11-25,Thanksgiving Day,USW00094846,TMAX,89.0
2009-11-26,Thanksgiving Day,USW00094846,TMAX,56.0
2012-02-20,Washington's Birthday,USW00094846,TMAX,72.0
2000-02-21,Washington’s Birthday,USW00094846,TMAX,83.0
2006-02-20,Washington’s Birthday,USW00094846,TMAX,6.0
1998-02-16,Washington’s Birthday,USW00094846,TMAX,67.0
1999-02-15,Washington’s Birthday,USW00094846,TMAX,128.0
2013-02-18,Washington’s Birthday,USW00094846,TMAX,111.0
2020-02-17,Washington’s Birthday,USW00094846,TMAX,50.0
2015-02-16,Washington’s Birthday,USW00094846,TMAX,-77.0
2017-01-20,Washington’s Birthday,USW00094846,TMAX,61.0
2003-02-17,Washington’s Birthday,USW00094846,TMAX,0.0
2018-02-19,Washington’s Birthday,USW00094846,TMAX,156.0
2014-02-17,Washington’s Birthday,USW00094846,TMAX,-21.0
2002-02-18,Washington’s Birthday,USW00094846,TMAX,100.0
2016-02-15,Washington’s Birthday,USW00094846,TMAX,-27.0
2005-02-21,Washington’s Birthday,USW00094846,TMAX,22.0
2010-02-15,Washington’s Birthday,USW00094846,TMAX,-22.0
2007-02-19,Washington’s Birthday,USW00094846,TMAX,56.0
2021-02-15,Washington’s Birthday,USW00094846,TMAX,-110.0
2009-02-16,Washington’s Birthday,USW00094846,TMAX,6.0
2000-01-17,"Birthday of Martin Luther King, Jr.",USW00094846,TMAX,-39.0
2006-01-16,"Birthday of Martin Luther King, Jr.",USW00094846,TMAX,83.0
1998-01-19,"Birthday of Martin Luther King, Jr.",USW00094846,TMAX,-17.0
2012-01-16,"Birthday of Martin Luther King, Jr.",USW00094846,TMAX,72.0
1999-01-08,"Birthday of Martin Luther King, Jr.",USW00094846,TMAX,-56.0
2013-01-21,"Birthday of Martin Luther King, Jr.",USW00094846,TMAX,-94.0
2020-01-20,"Birthday of Martin Luther King, Jr.",USW00094846,TMAX,-5.0
2015-01-19,"Birthday of Martin Luther King, Jr.",USW00094846,TMAX,50.0
2017-01-16,"Birthday of Martin Luther King, Jr.",USW00094846,TMAX,28.0
2003-01-20,"Birthday of Martin Luther King, Jr.",USW00094846,TMAX,-61.0
2018-01-15,"Birthday of Martin Luther King, Jr.",USW00094846,TMAX,-43.0
2014-01-20,"Birthday of Martin Luther King, Jr.",USW00094846,TMAX,17.0
2002-01-21,"Birthday of Martin Luther King, Jr.",USW00094846,TMAX,22.0
2016-01-18,"Birthday of Martin Luther King, Jr.",USW00094846,TMAX,-138.0
2005-01-17,"Birthday of Martin Luther King, Jr.",USW00094846,TMAX,-117.0
2010-01-18,"Birthday of Martin Luther King, Jr.",USW00094846,TMAX,-6.0
2007-01-15,"Birthday of Martin Luther King, Jr.",USW00094846,TMAX,6.0
2021-01-18,"Birthday of Martin Luther King, Jr.",USW00094846,TMAX,-10.0
2009-01-19,"Birthday of Martin Luther King, Jr.",USW00094846,TMAX,-50.0
2021-02-15,Washington’s Birthday,USW00094846,TMAX,-110.0
2021-11-11,Veterans Day,USW00094846,TMAX,139.0
2021-01-01,New Year’s Day,USW00094846,TMAX,17.0
2021-10-11,Columbus Day,USW00094846,TMAX,250.0
2021-07-05,Independence Day,USW00094846,TMAX,328.0
2021-11-25,Thanksgiving Day,USW00094846,TMAX,89.0
2021-01-18,"Birthday of Martin Luther King, Jr.",USW00094846,TMAX,-10.0
2021-09-06,Labor Day,USW00094846,TMAX,278.0
2021-01-20,Inauguation Day,USW00094846,TMAX,11.0
2021-12-25,Christmas Day,USW00094846,TMAX,128.0
2021-05-31,Memorial Day,USW00094846,TMAX,211.0
2016-01-01,New Year’s Day,USW00094846,TMAX,-5.0
2016-02-15,Washington’s Birthday,USW00094846,TMAX,-27.0
2016-10-10,Columbus Day,USW00094846,TMAX,217.0
2016-09-05,Labor Day,USW00094846,TMAX,306.0
2016-05-30,Memorial Day,USW00094846,TMAX,306.0
2016-01-18,"Birthday of Martin Luther King, Jr.",USW00094846,TMAX,-138.0
2016-07-04,Independence Day,USW00094846,TMAX,261.0
2016-11-24,Thanksgiving Day,USW00094846,TMAX,61.0
2016-12-26,Christmas Day,USW00094846,TMAX,122.0
2016-11-11,Veterans Day,USW00094846,TMAX,111.0
1997-05-26,Memorial Day,USW00094846,TMAX,128.0
1997-09-01,Labor Day,USW00094846,TMAX,294.0
1997-10-13,Columbus Day,USW00094846,TMAX,233.0
1997-11-27,Thanksgiving Day,USW00094846,TMAX,89.0
1997-07-04,Independence Day,USW00094846,TMAX,189.0
1997-11-11,Veterans Day,USW00094846,TMAX,6.0
1997-12-25,Christmas Day,USW00094846,TMAX,17.0
1997-01-01,New Year’s Day,USW00094846,TMAX,39.0
1997-02-17,Washington’s Birthday,USW00094846,TMAX,61.0
1997-01-20,"Birthday of Martin Luther King, Jr.",USW00094846,TMAX,33.0